{
  "test_metrics": {
    "accuracy": 0.7653061224489796,
    "f1": 0.4888888888888889,
    "roc_auc": 0.7816349384098544,
    "precision": 0.375,
    "recall": 0.7021276595744681,
    "threshold": 0.28
  },
  "cv_results": {
    "roc_auc": {
      "mean": 0.822168654215141,
      "std": 0.030102298310808722,
      "per_fold": [
        0.7954545454545455,
        0.7876035265829548,
        0.8486508148543948,
        0.8652150681271707,
        0.813919316056639
      ]
    },
    "f1": {
      "mean": 0.4517279261618884,
      "std": 0.09263381577396528,
      "per_fold": [
        0.49056603773584906,
        0.2916666666666667,
        0.43636363636363634,
        0.4642857142857143,
        0.5757575757575758
      ]
    },
    "precision": {
      "mean": 0.7346685340802989,
      "std": 0.06746236641488552,
      "per_fold": [
        0.8666666666666667,
        0.7,
        0.7058823529411765,
        0.7222222222222222,
        0.6785714285714286
      ]
    },
    "recall": {
      "mean": 0.3368421052631579,
      "std": 0.10041465278073113,
      "per_fold": [
        0.34210526315789475,
        0.18421052631578946,
        0.3157894736842105,
        0.34210526315789475,
        0.5
      ]
    }
  },
  "best_params": {
    "n_estimators": 200,
    "min_samples_split": 2,
    "min_samples_leaf": 4,
    "max_features": "sqrt",
    "max_depth": 10
  },
  "best_threshold": 0.28
}