{
  "metrics": {
    "accuracy": 0.8197278911564626,
    "f1": 0.4536082474226804,
    "roc_auc": 0.7463175122749591,
    "precision": 0.44,
    "recall": 0.46808510638297873,
    "threshold": 0.8000000000000002
  },
  "best_hp": {
    "n_layers": 4,
    "units_0": 112,
    "units_1": 16,
    "dropout": 0.1,
    "lr": 0.01,
    "units_2": 112,
    "units_3": 16
  }
}