{
  "test_metrics": {
    "accuracy": 0.7789115646258503,
    "f1": 0.5112781954887218,
    "roc_auc": 0.7882677233181152,
    "precision": 0.3953488372093023,
    "recall": 0.723404255319149,
    "threshold": 0.30000000000000004
  },
  "cv_results": {
    "roc_auc": {
      "mean": 0.8245108040058614,
      "std": 0.03454527868164392,
      "per_fold": [
        0.8042264752791067,
        0.7837296286401283,
        0.8598717606198236,
        0.8713598717606199,
        0.8033662837296287
      ]
    },
    "f1": {
      "mean": 0.46704022682970053,
      "std": 0.0953459645147702,
      "per_fold": [
        0.5185185185185185,
        0.28,
        0.49122807017543857,
        0.5,
        0.5454545454545454
      ]
    },
    "precision": {
      "mean": 0.7231620718462823,
      "std": 0.10220149980188092,
      "per_fold": [
        0.875,
        0.5833333333333334,
        0.7368421052631579,
        0.7777777777777778,
        0.6428571428571429
      ]
    },
    "recall": {
      "mean": 0.3526315789473684,
      "std": 0.09355994123490093,
      "per_fold": [
        0.3684210526315789,
        0.18421052631578946,
        0.3684210526315789,
        0.3684210526315789,
        0.47368421052631576
      ]
    }
  },
  "best_params": {
    "n_estimators": 300,
    "min_samples_split": 5,
    "min_samples_leaf": 4,
    "max_features": "log2",
    "max_depth": 10
  },
  "best_threshold": 0.30000000000000004
}